{
  "benchmark": {
    "annualized_return": 0.2119551851341448,
    "annualized_volatility": 0.14604090932638172,
    "calmar": 2.3883639692105016,
    "cash_balance": null,
    "cumulative_return": 0.0867039624316468,
    "current_exposure": null,
    "max_drawdown": -0.08874492659684896,
    "observations": 109,
    "positive_day_rate": 0.5229357798165137,
    "sharpe": 1.389099024086848,
    "sortino": 2.1039543662861475,
    "tail_loss_95": -0.015184966271003186,
    "trade_count": null,
    "transaction_costs": null,
    "turnover": null,
    "win_rate": null
  },
  "fusion": {
    "annualized_return": 0.2480593705735321,
    "annualized_volatility": 0.11138136578756336,
    "calmar": 6.282799924497551,
    "cash_balance": null,
    "cumulative_return": 0.10058999999999974,
    "current_exposure": null,
    "max_drawdown": -0.0394822966757723,
    "observations": 109,
    "positive_day_rate": 0.11926605504587157,
    "sharpe": 2.0453821863731214,
    "sortino": 3.478315406766923,
    "tail_loss_95": -0.004589364859420186,
    "trade_count": null,
    "transaction_costs": null,
    "turnover": null,
    "win_rate": null
  },
  "pure_llm": {
    "annualized_return": -0.22209466161975655,
    "annualized_volatility": 0.24536179326099802,
    "calmar": -0.9320279393333072,
    "cash_balance": null,
    "cumulative_return": -0.1029400000000007,
    "current_exposure": null,
    "max_drawdown": -0.2382918496827724,
    "observations": 109,
    "positive_day_rate": 0.3761467889908257,
    "sharpe": -0.9019998212372594,
    "sortino": -1.278400514263575,
    "tail_loss_95": -0.02706626313328908,
    "trade_count": null,
    "transaction_costs": null,
    "turnover": null,
    "win_rate": null
  },
  "pure_ml": {
    "annualized_return": 0.04000182172140687,
    "annualized_volatility": 0.05370572455779951,
    "calmar": 1.3958977464602533,
    "cash_balance": null,
    "cumulative_return": 0.017110000000000847,
    "current_exposure": null,
    "max_drawdown": -0.028656699119147033,
    "observations": 109,
    "positive_day_rate": 0.5871559633027523,
    "sharpe": 0.7570172585822368,
    "sortino": 1.0327977123323613,
    "tail_loss_95": -0.005586537037950978,
    "trade_count": null,
    "transaction_costs": null,
    "turnover": null,
    "win_rate": null
  }
}
